Datum,Tijd,Product,ISIN,Beurs,Uitvoeringsplaats,Aantal,Koers,,Lokale waarde,,Waarde EUR,Wisselkoers,AutoFX Kosten,Transactiekosten en/of kosten van derden EUR,Totaal EUR,Order ID
14-09-2026,09:00,SHELL PLC,GB00BP6MXD84,EAM,XAMS,2,"41,8800",EUR,"-83,76",EUR,"-83,76",,"0,00","-3,00","-86,76",220c4e23-f16e-4070-86c4-51e43aac31d0
29-06-2026,11:16,XTRACKERS ELECTRIFICATION TECHNOLOGIES & SMART GRID UCITS - 1C ETF,IE000O7Q2E56,TDG,XGAT,2,"34,4050",EUR,"-68,81",EUR,"-68,81",,"0,00","-1,00","-69,81",ce6f57fe-cbfe-4531-86ef-0f873ae067ff
29-06-2026,07:47,VANECK URANIUM AND NUCLEAR TECHNOLOGIES UCITS ETF,IE000M7V94E1,TDG,XGAT,2,"47,6900",EUR,"-95,38",EUR,"-95,38",,"0,00","-1,00","-96,38",f2893b19-85ef-470b-9e8a-618347069944
29-06-2026,07:36,XTRACKERS ELECTRIFICATION TECHNOLOGIES & SMART GRID UCITS - 1C ETF,IE000O7Q2E56,TDG,XGAT,1,"34,3742",EUR,"-34,37",EUR,"-34,37",,"0,00","-1,00","-35,37",44e30eac-4066-402f-8df3-918c34b8efb9
29-06-2026,07:36,VANECK QUANTUM COMPUTING UCITS ETF,IE0007Y8Y157,TDG,XGAT,1,"26,3850",EUR,"-26,38",EUR,"-26,38",,"0,00","-1,00","-27,38",d7032e9b-f3dd-4cea-ba40-7a6319a7638a
29-06-2026,07:30,VANGUARD S&P 500 UCITS ETF USD ACC,IE00BFMXXD54,TDG,XGAT,2,"125,3250",EUR,"-250,65",EUR,"-250,65",,"0,00","-1,00","-251,65",a3d2386b-706e-45da-b6dd-1dfbe5e76847
29-06-2026,07:30,INVESCO EQQQ NASDAQ-100 UCITS ETF ACC,IE00BFZXGZ54,TDG,XGAT,1,"440,3500",EUR,"-440,35",EUR,"-440,35",,"0,00","-1,00","-441,35",f70254e6-7689-46a0-9ca0-2d279565457f
20-05-2026,18:33,VANECK QUANTUM COMPUTING UCITS ETF,IE0007Y8Y157,TDG,XGAT,2,"25,3900",EUR,"-50,78",EUR,"-50,78",,"0,00","-1,00","-51,78",df56536a-7d56-40ba-a491-5c8c8f635b42
20-05-2026,18:31,XTRACKERS ELECTRIFICATION TECHNOLOGIES & SMART GRID UCITS - 1C ETF,IE000O7Q2E56,TDG,XGAT,12,"32,7699",EUR,"-393,24",EUR,"-393,24",,"0,00","-1,00","-394,24",73651b2b-dc5b-454f-a977-f06bffce18ea
20-05-2026,18:31,VANGUARD S&P 500 UCITS ETF USD ACC,IE00BFMXXD54,TDG,XGAT,9,"122,9421",EUR,"-1106,48",EUR,"-1106,48",,"0,00","-1,00","-1107,48",de91e785-f05b-487f-85e0-beeda92f8c96
20-05-2026,18:30,VANECK URANIUM AND NUCLEAR TECHNOLOGIES UCITS ETF,IE000M7V94E1,TDG,XGAT,5,"49,5950",EUR,"-247,98",EUR,"-247,98",,"0,00","-1,00","-248,98",0cc0f2c2-e18a-4ff1-9e0c-8a84696a8d13
20-05-2026,18:29,VANECK QUANTUM COMPUTING UCITS ETF,IE0007Y8Y157,TDG,XGAT,5,"25,3750",EUR,"-126,88",EUR,"-126,88",,"0,00","-1,00","-127,88",05a38338-78a5-4d63-b2cb-85ab7e4ebd08
20-05-2026,18:28,INVESCO EQQQ NASDAQ-100 UCITS ETF ACC,IE00BFZXGZ54,TDG,XGAT,1,"429,5500",EUR,"-429,55",EUR,"-429,55",,"0,00","-1,00","-430,55",ddf4f4a1-5ceb-4634-ae96-c3bb87069a4c
05-05-2026,10:27,VANGUARD S&P 500 UCITS ETF USD ACC,IE00BFMXXD54,TDG,XGAT,1,"119,1299",EUR,"-119,13",EUR,"-119,13",,"0,00","-1,00","-120,13",87c0f8ce-b13a-4b13-9388-528ce6127c7e
05-05-2026,07:33,VANECK URANIUM AND NUCLEAR TECHNOLOGIES UCITS ETF,IE000M7V94E1,TDG,XGAT,4,"53,8700",EUR,"-215,48",EUR,"-215,48",,"0,00","-1,00","-216,48",3cda2285-2c18-4698-ad53-9947ee3a3468
05-05-2026,07:30,VANGUARD S&P 500 UCITS ETF USD ACC,IE00BFMXXD54,TDG,XGAT,6,"119,0000",EUR,"-714,00",EUR,"-714,00",,"0,00","-1,00","-715,00",8db08900-c248-4d66-b60c-4d2d23ab58e2
05-05-2026,07:30,INVESCO EQQQ NASDAQ-100 UCITS ETF ACC,IE00BFZXGZ54,TDG,XGAT,1,"406,5500",EUR,"-406,55",EUR,"-406,55",,"0,00","-1,00","-407,55",d3a8de47-3a69-41e0-914a-7ff65d73d1af
